Designator,Val,Package,Mid X,Mid Y,Rotation,Layer
C101,22uF,C_1206_3216Metric,106.8375,-100.9275,180.0,top
C102,22uF,C_1206_3216Metric,107.2175,-116.44,0.0,top
C103,0.1uF,C_0402_1005Metric,148.02125,-80.94,0.0,top
C104,0.1uF,C_0402_1005Metric,106.8375,-102.7275,180.0,top
C105,0.1uF,C_0402_1005Metric,107.1975,-114.54,0.0,top
C106,0.1uF,C_0402_1005Metric,107.5375,-107.6275,180.0,top
C107,0.1uF,C_0402_1005Metric,105.7,-109.9,180.0,top
C108,10uF,C_0805_2012Metric,122.375,-82.59,-90.0,top
C109,10uF,C_0805_2012Metric,121.7875,-99.44,180.0,top
C110,10uF,C_0805_2012Metric,134.8875,-82.6,90.0,top
C111,22uF,C_1206_3216Metric,119.4875,-95.94,-90.0,top
C112,10uF,C_0805_2012Metric,182.0875,-101.465,-90.0,top
C113,10uF,C_0805_2012Metric,179.8875,-101.465,-90.0,top
C114,0.1uF,C_0402_1005Metric,183.6875,-101.465,-90.0,top
C115,10uF,C_0805_2012Metric,190.4875,-108.965,-90.0,top
C116,0.1uF,C_0402_1005Metric,189.8875,-101.965,90.0,top
C117,0.1uF,C_0402_1005Metric,189.8875,-104.765,-90.0,top
C118,0.1uF,C_0402_1005Metric,183.6875,-104.665,90.0,top
C119,240pF,C_0603_1608Metric,188.0875,-109.99,-90.0,top
C120,100uF,CP_Elec_6.3x7.7,178.6875,-108.465,90.0,top
C121,10nF,C_0402_1005Metric,187.2875,-112.19,0.0,top
C122,1uF,C_0402_1005Metric,116.5875,-122.1775,-90.0,top
C123,1uF,C_0402_1005Metric,118.9125,-124.8525,180.0,top
C201,4.7uF,C_0402_1005Metric,138.1,-93.25,-90.0,top
C202,0.1uF,C_0402_1005Metric,139.3,-93.25,-90.0,top
C203,14pF,C_0402_1005Metric,137.7,-86.25,0.0,top
C204,14pF,C_0402_1005Metric,136.6,-90.95,180.0,top
C205,0.1uF,C_0402_1005Metric,135.875,-97.105,90.0,top
C301,2.2uF,C_0402_1005Metric,146.13,-128.765,180.0,top
C302,1uF,C_0402_1005Metric,131.3875,-129.29,0.0,top
C303,1uF,C_0402_1005Metric,133.3975,-129.29,90.0,top
C304,1uF,C_0402_1005Metric,134.8975,-129.29,90.0,top
C305,1uF,C_0402_1005Metric,136.3975,-129.29,90.0,top
C306,1uF,C_0402_1005Metric,137.8975,-129.29,90.0,top
C307,2.2uF,C_0402_1005Metric,140.1025,-128.79,0.0,top
C308,2.2uF,C_0402_1005Metric,143.1625,-128.79,0.0,top
C401,0.1uF,C_0402_1005Metric,121.8375,-110.74,-90.0,top
C402,0.1uF,C_0402_1005Metric,168.8325,-116.94,180.0,top
D101,D_TVS,D_SOD-882,106.8375,-99.0275,0.0,top
D102,D_TVS,D_SOD-882,107.2175,-118.34,180.0,top
D103,BAT54WS-7-F,D_SOD-323F,145.82125,-79.34,180.0,top
D104,BAT54WS-7-F,D_SOD-323F,152.22125,-80.44,-90.0,top
D105,BAT54WS-7-F,D_SOD-323F,149.22125,-79.34,0.0,top
D106,Green LED,LED_0603_1608Metric,167.9375,-95.815,90.0,top
D201,D_TVS,D_SOD-323,161.5,-96.9,90.0,top
D202,D_TVS,D_SOD-323,155.0875,-92.9,90.0,top
D203,D_TVS,D_SOD-323,155.05,-88.275,-90.0,top
D204,D_TVS,D_SOD-323,161.3,-85.725,-90.0,top
L101,2.2uH,L_Sunlord_MWSA0503S,120.0875,-90.54,180.0,top
L102,2.2uH,L_Sunlord_MWSA0503S,194.2875,-103.365,-90.0,top
Q101,AO3416,SOT-23,144.10125,-74.6075,270.0,top
Q102,IRFML8244TRPBF,SOT-23,111.3375,-105.1275,90.0,top
Q103,IRFML8244TRPBF,SOT-23,102.9975,-112.1775,270.0,top
Q104,AO3407,SOT-23,117.2125,-82.5025,180.0,top
Q105,AO3407,SOT-23,125.95,-82.59,180.0,top
Q106,AO3407,SOT-23,139.45,-81.19,180.0,top
Q107,AO3407,SOT-23,131.6875,-82.6,0.0,top
Q108,AO3416,SOT-23,146.77125,-70.665,0.0,top
Q109,AO3416,SOT-23,150.37125,-75.4025,270.0,top
Q110,AO3416,SOT-23,167.9375,-102.9525,270.0,top
R101,100k,R_0402_1005Metric,143.39625,-83.6525,180.0,top
R102,50k,R_0402_1005Metric,149.62125,-83.715,180.0,top
R103,50k,R_0402_1005Metric,149.12125,-85.265,-90.0,top
R104,100k,R_0402_1005Metric,143.56375,-71.9825,0.0,top
R105,100k,R_0402_1005Metric,120.6,-82.54,-90.0,top
R106,11mR,R_1210_3225Metric,115.6375,-110.415,-90.0,top
R107,100k,R_0402_1005Metric,136.4875,-82.6,90.0,top
R108,100k,R_0402_1005Metric,144.15375,-70.145,-90.0,top
R109,100k,R_0402_1005Metric,124.0875,-93.24,90.0,top
R110,100k,R_0402_1005Metric,150.93375,-72.615,180.0,top
R111,5k,R_0603_1608Metric,183.4875,-97.365,90.0,top
R112,4.3k,R_0805_2012Metric,185.3875,-97.465,-90.0,top
R113,160R,R_0603_1608Metric,167.9375,-99.215,-90.0,top
R114,140k,R_0603_1608Metric,186.2875,-109.99,-90.0,top
R115,100k,R_0402_1005Metric,184.4875,-107.365,0.0,top
R116,11mR,R_1210_3225Metric,168.7575,-111.31,180.0,top
R117,6.4k,R_0603_1608Metric,188.6875,-114.465,90.0,top
R401,9.1k,R_0603_1608Metric,116.2875,-105.09,0.0,top
R402,2.2k,R_0603_1608Metric,119.4875,-105.09,0.0,top
R403,24K,R_0402_1005Metric,186.4,-91.695,90.0,top
R404,4.75K,R_0402_1005Metric,186.4,-89.105,90.0,top
U101,MCP6541T-I/OT,SOT-353_SC-70-5,146.60375,-82.99,0.0,top
U102,LM74700,SOT-23-6,106.8375,-105.0275,270.0,top
U103,LM74700,SOT-23-6,107.18,-112.19,90.0,top
U104,TPS62172DSG,WSON-8-1EP_2x2mm_P0.5mm_EP0.9x1.6mm_ThermalVias,122.3625,-96.175,90.0,top
U105,TPS552872RYQR,21-PowerVFQFN,186.9375,-103.365,-90.0,top
U106,MCP1700T-3002E/TT,SOT-23,118.9375,-122.2525,270.0,top
U201,STM32G030F6Px,TSSOP-20_4.4x6.5mm_P0.65mm,144.5875,-93.65,0.0,top
U401,INA213AIDCKR,SOT-363_SC-70-6,119.4375,-110.74,180.0,top
U402,INA213AIDCKR,SOT-363_SC-70-6,168.4325,-114.74,90.0,top
Y201,16MHz,Crystal_SMD_3225-4Pin_3.2x2.5mm,136.5,-88.55,0.0,top
